Document_Text,Document_Type
This Service Agreement outlines the responsibilities of Ivan and Eve effective 2023-05-15.,Service Agreement
This Purchase Order confirms the intent of Dave to purchase goods from VendorX dated 2023-06-15.,Purchase Order
This Service Agreement outlines the responsibilities of Frank and Eve effective 2023-04-15.,Service Agreement
This Service Agreement outlines the responsibilities of Alice and Carol effective 2023-02-15.,Service Agreement
This Service Agreement outlines the responsibilities of Judy and Judy effective 2023-08-15.,Service Agreement
"This Loan Agreement details the terms of a loan from Carol to Ivan, dated 2023-04-15.",Loan Agreement
This Consulting Agreement is entered into by Alice and Ivan effective 2023-05-15.,Consulting Agreement
"This Partnership Agreement outlines the collaboration between Frank and Frank, effective 2023-01-15.",Partnership Agreement
This Memorandum of Understanding outlines the preliminary agreement between Heidi and Alice on 2023-06-15.,MOU
This Service Agreement outlines the responsibilities of Judy and Alice effective 2023-06-15.,Service Agreement
This Lease Agreement is made between landlord Heidi and tenant Bob on 2023-03-15.,Lease Agreement
This Licensing Agreement grants rights to Frank from Frank to use intellectual property starting 2023-02-15.,Licensing Agreement
This Memorandum of Understanding outlines the preliminary agreement between Ivan and Ivan on 2023-09-15.,MOU
"This Loan Agreement details the terms of a loan from Frank to Eve, dated 2023-06-15.",Loan Agreement
"This Partnership Agreement outlines the collaboration between Frank and Grace, effective 2023-05-15.",Partnership Agreement
This Purchase Order confirms the intent of Heidi to purchase goods from VendorY dated 2023-06-15.,Purchase Order
"This Non-Disclosure Agreement is made between Grace and Judy, effective from 2023-01-15.",NDA
"This Partnership Agreement outlines the collaboration between Alice and Eve, effective 2023-01-15.",Partnership Agreement
This Licensing Agreement grants rights to Judy from Heidi to use intellectual property starting 2023-07-15.,Licensing Agreement
"This Partnership Agreement outlines the collaboration between Frank and Bob, effective 2023-04-15.",Partnership Agreement
This Consulting Agreement is entered into by Carol and Grace effective 2023-09-15.,Consulting Agreement
This Licensing Agreement grants rights to Frank from Alice to use intellectual property starting 2023-06-15.,Licensing Agreement
"This Employment Contract details the employment terms for Carol at BizInc, starting 2023-01-15.",Employment Contract
"This Loan Agreement details the terms of a loan from Bob to Heidi, dated 2023-02-15.",Loan Agreement
This Service Agreement outlines the responsibilities of Eve and Bob effective 2023-01-15.,Service Agreement
"This Partnership Agreement outlines the collaboration between Bob and Carol, effective 2023-07-15.",Partnership Agreement
This Purchase Order confirms the intent of Judy to purchase goods from VendorX dated 2023-07-15.,Purchase Order
This Consulting Agreement is entered into by Judy and Ivan effective 2023-03-15.,Consulting Agreement
"This Non-Disclosure Agreement is made between Eve and Frank, effective from 2023-07-15.",NDA
This Purchase Order confirms the intent of Grace to purchase goods from VendorX dated 2023-01-15.,Purchase Order
This Lease Agreement is made between landlord Heidi and tenant Heidi on 2023-08-15.,Lease Agreement
This Service Agreement outlines the responsibilities of Judy and Dave effective 2023-07-15.,Service Agreement
"This Loan Agreement details the terms of a loan from Alice to Dave, dated 2023-03-15.",Loan Agreement
"This Employment Contract details the employment terms for Bob at BizInc, starting 2023-03-15.",Employment Contract
"This Loan Agreement details the terms of a loan from Grace to Judy, dated 2023-05-15.",Loan Agreement
This Consulting Agreement is entered into by Alice and Alice effective 2023-03-15.,Consulting Agreement
"This Partnership Agreement outlines the collaboration between Bob and Judy, effective 2023-04-15.",Partnership Agreement
This Consulting Agreement is entered into by Heidi and Eve effective 2023-03-15.,Consulting Agreement
"This Non-Disclosure Agreement is made between Grace and Judy, effective from 2023-03-15.",NDA
"This Employment Contract details the employment terms for Bob at BizInc, starting 2023-08-15.",Employment Contract
This Purchase Order confirms the intent of Frank to purchase goods from VendorY dated 2023-06-15.,Purchase Order
"This Loan Agreement details the terms of a loan from Carol to Grace, dated 2023-09-15.",Loan Agreement
"This Partnership Agreement outlines the collaboration between Eve and Carol, effective 2023-03-15.",Partnership Agreement
"This Partnership Agreement outlines the collaboration between Heidi and Alice, effective 2023-07-15.",Partnership Agreement
"This Partnership Agreement outlines the collaboration between Ivan and Bob, effective 2023-01-15.",Partnership Agreement
This Memorandum of Understanding outlines the preliminary agreement between Bob and Bob on 2023-06-15.,MOU
This Licensing Agreement grants rights to Heidi from Eve to use intellectual property starting 2023-06-15.,Licensing Agreement
This Memorandum of Understanding outlines the preliminary agreement between Ivan and Alice on 2023-06-15.,MOU
This Lease Agreement is made between landlord Judy and tenant Frank on 2023-09-15.,Lease Agreement
This Lease Agreement is made between landlord Eve and tenant Grace on 2023-04-15.,Lease Agreement
This Memorandum of Understanding outlines the preliminary agreement between Ivan and Eve on 2023-07-15.,MOU
"This Non-Disclosure Agreement is made between Judy and Bob, effective from 2023-09-15.",NDA
This Lease Agreement is made between landlord Judy and tenant Frank on 2023-05-15.,Lease Agreement
This Lease Agreement is made between landlord Grace and tenant Judy on 2023-07-15.,Lease Agreement
"This Non-Disclosure Agreement is made between Ivan and Carol, effective from 2023-02-15.",NDA
"This Non-Disclosure Agreement is made between Heidi and Alice, effective from 2023-02-15.",NDA
This Lease Agreement is made between landlord Alice and tenant Alice on 2023-07-15.,Lease Agreement
This Licensing Agreement grants rights to Carol from Bob to use intellectual property starting 2023-06-15.,Licensing Agreement
This Service Agreement outlines the responsibilities of Grace and Dave effective 2023-09-15.,Service Agreement
This Service Agreement outlines the responsibilities of Ivan and Bob effective 2023-01-15.,Service Agreement
"This Partnership Agreement outlines the collaboration between Bob and Eve, effective 2023-09-15.",Partnership Agreement
This Lease Agreement is made between landlord Heidi and tenant Bob on 2023-06-15.,Lease Agreement
This Licensing Agreement grants rights to Frank from Grace to use intellectual property starting 2023-07-15.,Licensing Agreement
This Consulting Agreement is entered into by Bob and Carol effective 2023-09-15.,Consulting Agreement
"This Partnership Agreement outlines the collaboration between Ivan and Heidi, effective 2023-06-15.",Partnership Agreement
This Service Agreement outlines the responsibilities of Ivan and Dave effective 2023-08-15.,Service Agreement
This Consulting Agreement is entered into by Dave and Frank effective 2023-04-15.,Consulting Agreement
"This Non-Disclosure Agreement is made between Frank and Heidi, effective from 2023-01-15.",NDA
"This Non-Disclosure Agreement is made between Grace and Judy, effective from 2023-08-15.",NDA
This Purchase Order confirms the intent of Carol to purchase goods from VendorY dated 2023-06-15.,Purchase Order
"This Non-Disclosure Agreement is made between Bob and Grace, effective from 2023-02-15.",NDA
"This Partnership Agreement outlines the collaboration between Carol and Grace, effective 2023-07-15.",Partnership Agreement
"This Partnership Agreement outlines the collaboration between Judy and Ivan, effective 2023-09-15.",Partnership Agreement
This Purchase Order confirms the intent of Dave to purchase goods from VendorX dated 2023-08-15.,Purchase Order
This Memorandum of Understanding outlines the preliminary agreement between Judy and Carol on 2023-09-15.,MOU
This Licensing Agreement grants rights to Alice from Frank to use intellectual property starting 2023-04-15.,Licensing Agreement
This Lease Agreement is made between landlord Bob and tenant Eve on 2023-05-15.,Lease Agreement
"This Partnership Agreement outlines the collaboration between Alice and Eve, effective 2023-07-15.",Partnership Agreement
This Lease Agreement is made between landlord Alice and tenant Eve on 2023-02-15.,Lease Agreement
This Purchase Order confirms the intent of Judy to purchase goods from VendorX dated 2023-02-15.,Purchase Order
This Consulting Agreement is entered into by Dave and Heidi effective 2023-01-15.,Consulting Agreement
This Licensing Agreement grants rights to Heidi from Heidi to use intellectual property starting 2023-06-15.,Licensing Agreement
This Service Agreement outlines the responsibilities of Carol and Grace effective 2023-07-15.,Service Agreement
"This Partnership Agreement outlines the collaboration between Eve and Frank, effective 2023-07-15.",Partnership Agreement
This Consulting Agreement is entered into by Judy and Alice effective 2023-06-15.,Consulting Agreement
"This Loan Agreement details the terms of a loan from Frank to Ivan, dated 2023-09-15.",Loan Agreement
This Lease Agreement is made between landlord Ivan and tenant Grace on 2023-05-15.,Lease Agreement
This Licensing Agreement grants rights to Ivan from Grace to use intellectual property starting 2023-07-15.,Licensing Agreement
This Lease Agreement is made between landlord Dave and tenant Grace on 2023-05-15.,Lease Agreement
"This Partnership Agreement outlines the collaboration between Bob and Grace, effective 2023-07-15.",Partnership Agreement
This Memorandum of Understanding outlines the preliminary agreement between Dave and Heidi on 2023-03-15.,MOU
This Memorandum of Understanding outlines the preliminary agreement between Eve and Bob on 2023-04-15.,MOU
This Consulting Agreement is entered into by Eve and Dave effective 2023-04-15.,Consulting Agreement
"This Partnership Agreement outlines the collaboration between Frank and Ivan, effective 2023-09-15.",Partnership Agreement
"This Non-Disclosure Agreement is made between Dave and Dave, effective from 2023-02-15.",NDA
This Memorandum of Understanding outlines the preliminary agreement between Bob and Frank on 2023-02-15.,MOU
This Lease Agreement is made between landlord Dave and tenant Dave on 2023-03-15.,Lease Agreement
This Memorandum of Understanding outlines the preliminary agreement between Eve and Carol on 2023-08-15.,MOU
This Lease Agreement is made between landlord Bob and tenant Judy on 2023-01-15.,Lease Agreement
This Service Agreement outlines the responsibilities of Grace and Dave effective 2023-02-15.,Service Agreement
